1,1,Aug 26 2016,10:00 PM,Fri,California,51,,Hawaii,31,ESPN,ANZ Stadium - Sydney AUS
2,2,Sep 1 2016,7:00 PM,Thu,Central Michigan,49,,Presbyterian,3,ESPN3,
3,2,Sep 1 2016,7:00 PM,Thu,Cincinnati,28,,Tennessee-Martin,7,ESPN3,
4,2,Sep 1 2016,7:00 PM,Thu,Connecticut,24,,Maine,21,ESPN3,
5,2,Sep 1 2016,9:00 PM,Thu,Idaho,20,,Montana State,17,ESPN3,
6,2,Sep 1 2016,7:30 PM,Thu,Indiana,34,@,Florida International,13,ESPNU,
7,2,Sep 1 2016,7:00 PM,Thu,(19) Louisville,70,,Charlotte,14,ESPN3,
8,2,Sep 1 2016,9:00 PM,Thu,Minnesota,30,,Oregon State,23,BTN,
9,2,Sep 1 2016,10:00 PM,Thu,Nevada-Las Vegas,63,,Jackson State,13,,
10,2,Sep 1 2016,9:00 PM,Thu,New Mexico,48,,South Dakota,21,,
11,2,Sep 1 2016,7:30 PM,Thu,North Carolina State,48,,William & Mary,14,,
12,2,Sep 1 2016,8:00 PM,Thu,South Carolina,13,@,Vanderbilt,10,ESPN,
13,2,Sep 1 2016,7:30 PM,Thu,(9) Tennessee,20,,Appalachian State,13,SECN,
14,2,Sep 1 2016,8:00 PM,Thu,Utah,24,,Southern Utah,0,PAC12,
15,2,Sep 1 2016,8:00 PM,Thu,Utah State,45,,Weber State,6,,
16,2,Sep 1 2016,7:00 PM,Thu,Wake Forest,7,,Tulane,3,ESPN3,
17,2,Sep 1 2016,8:00 PM,Thu,Western Kentucky,46,,Rice,14,CBSSN,
18,2,Sep 2 2016,7:00 PM,Fri,Albany,22,@,Buffalo,16,ESPN3,
19,2,Sep 2 2016,7:00 PM,Fri,Army,28,@,Temple,13,CBSSN,
20,2,Sep 2 2016,7:00 PM,Fri,Ball State,31,@,Georgia State,21,ESPN3,
21,2,Sep 2 2016,7:30 PM,Fri,(23) Baylor,55,,Northwestern State,7,,
22,2,Sep 2 2016,8:00 PM,Fri,Colorado,44,,Colorado State,7,ESPN,Sports Authority Field - Denver Colorado
23,2,Sep 2 2016,6:00 PM,Fri,Eastern Michigan,61,,Mississippi Valley State,14,ESPN3,
24,2,Sep 2 2016,7:00 PM,Fri,(12) Michigan State,28,,Furman,13,BTN,
25,2,Sep 2 2016,9:30 PM,Fri,Nevada,30,,Cal Poly,27,,
26,2,Sep 2 2016,9:00 PM,Fri,(8) Stanford,26,,Kansas State,13,FS1,
27,2,Sep 2 2016,7:00 PM,Fri,Syracuse,33,,Colgate,7,,
28,2,Sep 2 2016,9:00 PM,Fri,Toledo,31,@,Arkansas State,10,ESPNU,
29,2,Sep 3 2016,2:00 PM,Sat,Air Force,37,,Abilene Christian,21,CAMP,
30,2,Sep 3 2016,6:30 PM,Sat,Akron,47,,Virginia Military Institute,24,ESPN3,
31,2,Sep 3 2016,8:00 PM,Sat,(1) Alabama,52,,(20) Southern California,6,ABC,AT&T Stadium - Arlington Texas
32,2,Sep 3 2016,11:00 PM,Sat,Arizona State,44,,Northern Arizona,13,PAC12,
33,2,Sep 3 2016,4:00 PM,Sat,Arkansas,21,,Louisiana Tech,20,SECN,
34,2,Sep 3 2016,12:00 PM,Sat,Boise State,45,@,Louisiana,10,ESPN3,
35,2,Sep 3 2016,10:30 PM,Sat,Brigham Young,18,,Arizona,16,FS1,University of Phoenix Stadium - Glendale Arizona
36,2,Sep 3 2016,7:00 PM,Sat,Central Florida,38,,South Carolina State,0,ESPN3,
37,2,Sep 3 2016,9:00 PM,Sat,(2) Clemson,19,@,Auburn,13,ESPN,
38,2,Sep 3 2016,6:00 PM,Sat,Duke,49,,North Carolina Central,6,,
39,2,Sep 3 2016,6:00 PM,Sat,East Carolina,52,,Western Carolina,7,ESPN3,
40,2,Sep 3 2016,8:00 PM,Sat,Eastern Washington,45,@,Washington State,42,PAC12,
41,2,Sep 3 2016,7:30 PM,Sat,(25) Florida,24,,Massachusetts,7,SECN,
42,2,Sep 3 2016,6:00 PM,Sat,Florida Atlantic,38,,Southern Illinois,30,,
43,2,Sep 3 2016,5:30 PM,Sat,(18) Georgia,33,,(22) North Carolina,24,ESPN,Georgia Dome - Atlanta Georgia
44,2,Sep 3 2016,6:00 PM,Sat,Georgia Southern,54,,Savannah State,0,ESPN3,
45,2,Sep 3 2016,7:30 AM,Sat,Georgia Tech,17,,Boston College,14,ESPN2,Aviva Stadium - Dublin IRL
46,2,Sep 3 2016,12:00 PM,Sat,(15) Houston,33,,(3) Oklahoma,23,ABC,NRG Stadium - Houston Texas
47,2,Sep 3 2016,3:30 PM,Sat,Illinois,52,,Murray State,3,BTN,
48,2,Sep 3 2016,3:30 PM,Sat,(17) Iowa,45,,Miami (OH),21,ESPNU,
49,2,Sep 3 2016,7:00 PM,Sat,Kansas,55,,Rhode Island,6,ESPN3,
50,2,Sep 3 2016,7:00 PM,Sat,Louisiana-Monroe,38,,Southern,21,ESPN3,
51,2,Sep 3 2016,12:00 PM,Sat,Maryland,52,,Howard,13,BTN,
52,2,Sep 3 2016,7:00 PM,Sat,Memphis,35,,Southeast Missouri State,17,ESPN3,
53,2,Sep 3 2016,6:00 PM,Sat,Miami (FL),70,,Florida A&M,3,,
54,2,Sep 3 2016,12:00 PM,Sat,(7) Michigan,63,,Hawaii,3,ESPN,
55,2,Sep 3 2016,7:00 PM,Sat,Middle Tennessee State,55,,Alabama A&M,0,,
56,2,Sep 3 2016,12:00 PM,Sat,Navy,52,,Fordham,16,CBSSN,
57,2,Sep 3 2016,8:00 PM,Sat,Nebraska,43,,Fresno State,10,BTN,
58,2,Sep 3 2016,8:00 PM,Sat,Northern Iowa,25,@,Iowa State,20,,
59,2,Sep 3 2016,12:00 PM,Sat,(6) Ohio State,77,,Bowling Green State,10,BTN,
60,2,Sep 3 2016,3:30 PM,Sat,(21) Oklahoma State,61,,Southeastern Louisiana,7,,
61,2,Sep 3 2016,5:00 PM,Sat,(24) Oregon,53,,California-Davis,28,PAC12,
62,2,Sep 3 2016,3:30 PM,Sat,Penn State,33,,Kent State,13,BTN,
63,2,Sep 3 2016,1:30 PM,Sat,Pittsburgh,28,,Villanova,7,,
64,2,Sep 3 2016,12:00 PM,Sat,Purdue,45,,Eastern Kentucky,24,ESPNN,
65,2,Sep 3 2016,3:30 PM,Sat,Richmond,37,@,Virginia,20,,
66,2,Sep 3 2016,8:30 PM,Sat,San Diego State,31,,New Hampshire,0,,
67,2,Sep 3 2016,12:00 PM,Sat,South Alabama,21,@,Mississippi State,20,SECN,
68,2,Sep 3 2016,7:00 PM,Sat,South Florida,56,,Towson,20,ESPN3,
69,2,Sep 3 2016,7:00 PM,Sat,Southern Methodist,34,@,North Texas,21,,
70,2,Sep 3 2016,7:30 PM,Sat,Southern Mississippi,44,@,Kentucky,35,ESPNU,
71,2,Sep 3 2016,3:30 PM,Sat,Texas A&M,31,,(16) UCLA,24,CBS,
72,2,Sep 3 2016,8:00 PM,Sat,(13) Texas Christian,59,,South Dakota State,41,,
73,2,Sep 3 2016,3:30 PM,Sat,Texas State,56,@,Ohio,54,CBSSN,
74,2,Sep 3 2016,8:00 PM,Sat,Texas Tech,69,,Stephen F. Austin,17,,
75,2,Sep 3 2016,8:00 PM,Sat,Texas-El Paso,38,,New Mexico State,22,,
76,2,Sep 3 2016,7:00 PM,Sat,Texas-San Antonio,26,,Alabama State,13,,
77,2,Sep 3 2016,6:00 PM,Sat,Troy,57,,Austin Peay,17,ESPN3,
78,2,Sep 3 2016,7:00 PM,Sat,Tulsa,45,,San Jose State,10,CBSSN,
79,2,Sep 3 2016,12:30 PM,Sat,Virginia Tech,36,,Liberty,13,ESPN3,
80,2,Sep 3 2016,2:00 PM,Sat,(14) Washington,48,,Rutgers,13,PAC12,
81,2,Sep 3 2016,12:00 PM,Sat,West Virginia,26,,Missouri,11,FS1,
82,2,Sep 3 2016,12:00 PM,Sat,Western Michigan,22,@,Northwestern,21,ESPNU,
83,2,Sep 3 2016,3:30 PM,Sat,Wisconsin,16,,(5) Louisiana State,14,ABC,Lambeau Field - Green Bay Wisconsin
84,2,Sep 3 2016,10:30 PM,Sat,Wyoming,40,,Northern Illinois,34,CBSSN,
85,2,Sep 4 2016,3:30 PM,Sun,Old Dominion,54,,Hampton,21,,
86,2,Sep 4 2016,7:30 PM,Sun,Texas,50,,(10) Notre Dame,47,ABC,
87,2,Sep 5 2016,8:00 PM,Mon,(4) Florida State,45,,(11) Mississippi,34,ESPN,Camping World Stadium - Orlando Florida
88,3,Sep 9 2016,8:00 PM,Fri,(13) Louisville,62,@,Syracuse,28,ESPN2,
89,3,Sep 9 2016,7:30 PM,Fri,Maryland,41,@,Florida International,14,,
90,3,Sep 10 2016,2:00 PM,Sat,Air Force,48,,Georgia State,14,CAMP,
91,3,Sep 10 2016,3:30 PM,Sat,(1) Alabama,38,,Western Kentucky,10,ESPN2,
92,3,Sep 10 2016,3:30 PM,Sat,Appalachian State,31,,Old Dominion,7,ESPN3,
93,3,Sep 10 2016,10:45 PM,Sat,Arizona,31,,Grambling State,21,PAC12,
94,3,Sep 10 2016,10:00 PM,Sat,Arizona State,68,,Texas Tech,55,FS1,
95,3,Sep 10 2016,7:00 PM,Sat,Arkansas,41,@,(15) Texas Christian,38,ESPN,
96,3,Sep 10 2016,12:00 PM,Sat,Army,31,,Rice,14,CBSSN,
97,3,Sep 10 2016,7:30 PM,Sat,Auburn,51,,Arkansas State,14,SECN,
98,3,Sep 10 2016,3:30 PM,Sat,(23) Baylor,40,,Southern Methodist,13,FS1,
99,3,Sep 10 2016,10:15 PM,Sat,Boise State,31,,Washington State,28,ESPN2,
100,3,Sep 10 2016,12:00 PM,Sat,Boston College,26,@,Massachusetts,7,ESPN3,
101,3,Sep 10 2016,3:30 PM,Sat,Bowling Green State,27,,North Dakota,26,ESPN3,
102,3,Sep 10 2016,12:00 PM,Sat,Central Michigan,30,@,(22) Oklahoma State,27,FS1,
103,3,Sep 10 2016,6:00 PM,Sat,Charlotte,47,,Elon,14,,
104,3,Sep 10 2016,12:00 PM,Sat,Cincinnati,38,@,Purdue,20,BTN,
105,3,Sep 10 2016,12:30 PM,Sat,(2) Clemson,30,,Troy,24,ESPN3,
106,3,Sep 10 2016,5:30 PM,Sat,Colorado,56,,Idaho State,7,,
107,3,Sep 10 2016,4:00 PM,Sat,Colorado State,23,,Texas-San Antonio,14,CAMP,
108,3,Sep 10 2016,12:00 PM,Sat,East Carolina,33,,North Carolina State,30,ESPNU,
109,3,Sep 10 2016,3:30 PM,Sat,Eastern Illinois,21,@,Miami (OH),17,ESPN3,
110,3,Sep 10 2016,3:30 PM,Sat,Florida,45,,Kentucky,7,CBS,
111,3,Sep 10 2016,12:30 PM,Sat,(3) Florida State,52,,Charleston Southern,8,ESPN3,
112,3,Sep 10 2016,10:00 PM,Sat,Fresno State,31,,Sacramento State,3,,
113,3,Sep 10 2016,12:00 PM,Sat,(9) Georgia,26,,Nicholls State,24,SECN,
114,3,Sep 10 2016,7:00 PM,Sat,Georgia Southern,24,@,South Alabama,9,ESPN3,
115,3,Sep 10 2016,3:00 PM,Sat,Georgia Tech,35,,Mercer,10,,
116,3,Sep 10 2016,11:59 PM,Sat,Hawaii,41,,Tennessee-Martin,36,,
117,3,Sep 10 2016,12:00 PM,Sat,(6) Houston,42,,Lamar,0,ESPN3,
118,3,Sep 10 2016,3:30 PM,Sat,Illinois State,9,@,Northwestern,7,BTN,
119,3,Sep 10 2016,4:00 PM,Sat,Indiana,30,,Ball State,20,ESPNN,
120,3,Sep 10 2016,7:30 PM,Sat,(16) Iowa,42,,Iowa State,3,BTN,
121,3,Sep 10 2016,7:00 PM,Sat,Louisiana,30,,McNeese State,22,ESPN3,
122,3,Sep 10 2016,7:30 PM,Sat,(21) Louisiana State,34,,Jacksonville State,13,ESPNU,
123,3,Sep 10 2016,7:00 PM,Sat,Louisiana Tech,53,,South Carolina State,24,,
124,3,Sep 10 2016,6:00 PM,Sat,Marshall,62,,Morgan State,0,,
125,3,Sep 10 2016,6:00 PM,Sat,(25) Miami (FL),38,,Florida Atlantic,10,,
126,3,Sep 10 2016,12:00 PM,Sat,(5) Michigan,51,,Central Florida,14,ABC,
127,3,Sep 10 2016,12:00 PM,Sat,Minnesota,58,,Indiana State,28,ESPNN,
128,3,Sep 10 2016,4:00 PM,Sat,(19) Mississippi,38,,Wofford,13,SECN,
129,3,Sep 10 2016,7:00 PM,Sat,Mississippi State,27,,South Carolina,14,ESPN,
130,3,Sep 10 2016,7:30 PM,Sat,Missouri,61,,Eastern Michigan,21,SECN,
131,3,Sep 10 2016,3:30 PM,Sat,Navy,28,,Connecticut,24,CBSSN,
132,3,Sep 10 2016,12:00 PM,Sat,Nebraska,52,,Wyoming,17,ESPN2,
133,3,Sep 10 2016,8:00 PM,Sat,New Mexico State,32,,New Mexico,31,ESPN3,
134,3,Sep 10 2016,7:30 PM,Sat,North Carolina,48,@,Illinois,23,BTN,
135,3,Sep 10 2016,6:00 PM,Sat,North Carolina A&T,39,@,Kent State,36,ESPN3,
136,3,Sep 10 2016,7:00 PM,Sat,North Texas,41,,Bethune-Cookman,20,,
137,3,Sep 10 2016,3:30 PM,Sat,(18) Notre Dame,39,,Nevada,10,NBC,
138,3,Sep 10 2016,2:30 PM,Sat,Ohio,37,@,Kansas,21,FSN,
139,3,Sep 10 2016,3:30 PM,Sat,(4) Ohio State,48,,Tulsa,3,ABC,
140,3,Sep 10 2016,7:00 PM,Sat,(14) Oklahoma,59,,Louisiana-Monroe,17,,
141,3,Sep 10 2016,10:30 PM,Sat,(24) Oregon,44,,Virginia,26,ESPN,
142,3,Sep 10 2016,12:00 PM,Sat,Pittsburgh,42,,Penn State,39,ABC,
143,3,Sep 10 2016,12:00 PM,Sat,Rutgers,52,,Howard,14,BTN,
144,3,Sep 10 2016,10:30 PM,Sat,San Diego State,45,,California,40,CBSSN,
145,3,Sep 10 2016,4:30 PM,Sat,San Jose State,66,,Portland State,35,,
146,3,Sep 10 2016,7:00 PM,Sat,South Florida,48,,Northern Illinois,17,CBSSN,
147,3,Sep 10 2016,2:00 PM,Sat,Southern California,45,,Utah State,7,PAC12,
148,3,Sep 10 2016,7:00 PM,Sat,Southern Mississippi,56,,Savannah State,0,,
149,3,Sep 10 2016,1:00 PM,Sat,Temple,38,,Stony Brook,0,ESPN3,
150,3,Sep 10 2016,8:00 PM,Sat,(17) Tennessee,45,,Virginia Tech,24,ABC,Bristol Motor Speedway - Bristol Tennessee
151,3,Sep 10 2016,7:00 PM,Sat,(11) Texas,41,,Texas-El Paso,7,LHN,
152,3,Sep 10 2016,12:00 PM,Sat,(20) Texas A&M,67,,Prairie View A&M,0,SECN,
153,3,Sep 10 2016,7:00 PM,Sat,Toledo,45,,Maine,3,ESPN3,
154,3,Sep 10 2016,8:00 PM,Sat,Tulane,66,,Southern,21,ESPN3,
155,3,Sep 10 2016,8:00 PM,Sat,UCLA,42,,Nevada-Las Vegas,21,PAC12,
156,3,Sep 10 2016,7:30 PM,Sat,Utah,20,,Brigham Young,19,,
157,3,Sep 10 2016,4:00 PM,Sat,Vanderbilt,47,,Middle Tennessee State,24,SECN,
158,3,Sep 10 2016,3:30 PM,Sat,Wake Forest,24,@,Duke,14,ESPNU,
159,3,Sep 10 2016,5:00 PM,Sat,(8) Washington,59,,Idaho,14,PAC12,
160,3,Sep 10 2016,2:00 PM,Sat,West Virginia,38,,Youngstown State,21,,
161,3,Sep 10 2016,7:00 PM,Sat,Western Michigan,70,,North Carolina Central,21,ESPN3,
162,3,Sep 10 2016,3:30 PM,Sat,(10) Wisconsin,54,,Akron,10,BTN,
163,4,Sep 15 2016,7:30 PM,Thu,(6) Houston,40,@,Cincinnati,16,ESPN,
164,4,Sep 16 2016,9:30 PM,Fri,Arizona State,32,@,Texas-San Antonio,28,ESPN2,
165,4,Sep 16 2016,8:00 PM,Fri,(21) Baylor,38,@,Rice,10,ESPN,
166,4,Sep 16 2016,9:00 PM,Fri,Utah State,34,,Arkansas State,20,CBSSN,
167,4,Sep 17 2016,12:00 PM,Sat,Akron,65,@,Marshall,38,CBSSN,
168,4,Sep 17 2016,3:30 PM,Sat,(1) Alabama,48,@,(19) Mississippi,43,CBS,
169,4,Sep 17 2016,10:45 PM,Sat,Arizona,47,,Hawaii,28,PAC12,
170,4,Sep 17 2016,7:30 PM,Sat,(24) Arkansas,42,,Texas State,3,SECN,
171,4,Sep 17 2016,7:00 PM,Sat,Army,66,@,Texas-El Paso,14,,
172,4,Sep 17 2016,3:00 PM,Sat,Ball State,41,,Eastern Kentucky,14,ESPN3,
173,4,Sep 17 2016,10:30 PM,Sat,California,50,,(11) Texas,43,ESPN,
174,4,Sep 17 2016,3:00 PM,Sat,Central Michigan,44,,Nevada-Las Vegas,21,ESPN3,
175,4,Sep 17 2016,12:00 PM,Sat,(5) Clemson,59,,South Carolina State,0,ESPN3,
176,4,Sep 17 2016,4:00 PM,Sat,Colorado State,47,,Northern Colorado,21,,
177,4,Sep 17 2016,1:30 PM,Sat,Connecticut,13,,Virginia,10,ESPN3,
178,4,Sep 17 2016,6:00 PM,Sat,Eastern Michigan,37,@,Charlotte,19,,
179,4,Sep 17 2016,7:30 PM,Sat,(23) Florida,32,,North Texas,0,ESPNU,
180,4,Sep 17 2016,7:30 PM,Sat,(16) Georgia,28,@,Missouri,27,SECN,
181,4,Sep 17 2016,6:00 PM,Sat,Georgia Southern,23,,Louisiana-Monroe,21,ESPN3,
182,4,Sep 17 2016,12:30 PM,Sat,Georgia Tech,38,,Vanderbilt,7,ESPN3,
183,4,Sep 17 2016,2:30 PM,Sat,Kansas State,63,,Florida Atlantic,7,,
184,4,Sep 17 2016,3:30 PM,Sat,Kent State,27,,Monmouth,7,ESPN3,
185,4,Sep 17 2016,4:00 PM,Sat,Kentucky,62,,New Mexico State,42,SECN,
186,4,Sep 17 2016,7:00 PM,Sat,Louisiana,28,,South Alabama,23,ESPN3,
187,4,Sep 17 2016,7:00 PM,Sat,(20) Louisiana State,23,,Mississippi State,20,ESPN,
188,4,Sep 17 2016,12:00 PM,Sat,(10) Louisville,63,,(2) Florida State,20,ABC,
189,4,Sep 17 2016,7:00 PM,Sat,Maryland,30,@,Central Florida,24,CBSSN,
190,4,Sep 17 2016,3:30 PM,Sat,Massachusetts,21,,Florida International,13,ESPN3,
191,4,Sep 17 2016,12:00 PM,Sat,Memphis,43,,Kansas,7,ESPNU,
192,4,Sep 17 2016,12:00 PM,Sat,(25) Miami (FL),45,@,Appalachian State,10,ESPN,
193,4,Sep 17 2016,3:30 PM,Sat,(4) Michigan,45,,Colorado,28,BTN,
194,4,Sep 17 2016,7:30 PM,Sat,(12) Michigan State,36,@,(18) Notre Dame,28,NBC,
195,4,Sep 17 2016,12:00 PM,Sat,Middle Tennessee State,41,@,Bowling Green State,21,ESPN3,
196,4,Sep 17 2016,7:00 PM,Sat,Navy,21,@,Tulane,14,ESPN3,
197,4,Sep 17 2016,3:30 PM,Sat,Nebraska,35,,(22) Oregon,32,ABC,
198,4,Sep 17 2016,9:00 PM,Sat,Nevada,38,,Buffalo,14,CAMP,
199,4,Sep 17 2016,3:30 PM,Sat,North Carolina,56,,James Madison,28,ESPN3,
200,4,Sep 17 2016,6:00 PM,Sat,North Carolina State,49,,Old Dominion,22,,
201,4,Sep 17 2016,12:00 PM,Sat,North Dakota State,23,@,(13) Iowa,21,ESPN,
202,4,Sep 17 2016,8:00 PM,Sat,Northwestern,24,,Duke,13,BTN,
203,4,Sep 17 2016,9:10 PM,Sat,(3) Ohio State,45,@,(14) Oklahoma,24,FOX,
204,4,Sep 17 2016,3:30 PM,Sat,Oklahoma State,45,,Pittsburgh,38,ESPN,
205,4,Sep 17 2016,5:00 PM,Sat,Oregon State,37,,Idaho State,7,PAC12,
206,4,Sep 17 2016,12:00 PM,Sat,Penn State,34,,Temple,27,BTN,
207,4,Sep 17 2016,12:00 PM,Sat,Rutgers,37,,New Mexico,28,ESPNN,
208,4,Sep 17 2016,3:30 PM,Sat,San Diego State,42,@,Northern Illinois,28,CBSSN,
209,4,Sep 17 2016,4:00 PM,Sat,South Carolina,20,,East Carolina,15,SECN,
210,4,Sep 17 2016,3:30 PM,Sat,South Florida,45,@,Syracuse,20,,
211,4,Sep 17 2016,7:00 PM,Sat,Southern Methodist,29,,Liberty,14,ESPN3,
212,4,Sep 17 2016,8:00 PM,Sat,(7) Stanford,27,,Southern California,10,ABC,
213,4,Sep 17 2016,12:00 PM,Sat,(15) Tennessee,28,,Ohio,19,SECN,
214,4,Sep 17 2016,7:00 PM,Sat,(17) Texas A&M,29,@,Auburn,16,ESPN,
215,4,Sep 17 2016,12:00 PM,Sat,Texas Christian,41,,Iowa State,20,FS1,
216,4,Sep 17 2016,7:00 PM,Sat,Texas Tech,59,,Louisiana Tech,45,,
217,4,Sep 17 2016,3:00 PM,Sat,Toledo,52,,Fresno State,17,ESPN3,
218,4,Sep 17 2016,7:00 PM,Sat,Troy,37,@,Southern Mississippi,31,,
219,4,Sep 17 2016,2:00 PM,Sat,Tulsa,58,,North Carolina A&T,21,ESPN3,
220,4,Sep 17 2016,10:15 PM,Sat,UCLA,17,@,Brigham Young,14,ESPN,
221,4,Sep 17 2016,10:30 PM,Sat,Utah,34,@,San Jose State,17,CBSSN,
222,4,Sep 17 2016,3:30 PM,Sat,Virginia Tech,49,,Boston College,0,ESPNU,
223,4,Sep 17 2016,6:30 PM,Sat,Wake Forest,38,,Delaware,21,,
224,4,Sep 17 2016,8:00 PM,Sat,(8) Washington,41,,Portland State,3,PAC12,
225,4,Sep 17 2016,2:00 PM,Sat,Washington State,56,,Idaho,6,PAC12,
226,4,Sep 17 2016,3:30 PM,Sat,Western Kentucky,31,@,Miami (OH),24,ESPN3,
227,4,Sep 17 2016,4:00 PM,Sat,Western Michigan,34,@,Illinois,10,ESPNN,
228,4,Sep 17 2016,12:00 PM,Sat,(9) Wisconsin,23,,Georgia State,17,BTN,
229,4,Sep 17 2016,4:00 PM,Sat,Wyoming,45,,California-Davis,22,,
230,5,Sep 22 2016,7:30 PM,Thu,(5) Clemson,26,@,Georgia Tech,7,ESPN,
231,5,Sep 23 2016,7:30 PM,Fri,Eastern Michigan,27,,Wyoming,24,CBSSN,
232,5,Sep 23 2016,8:00 PM,Fri,Texas Christian,33,@,Southern Methodist,3,ESPN,
233,5,Sep 23 2016,9:00 PM,Fri,(24) Utah,31,,Southern California,27,FS1,
234,5,Sep 24 2016,10:15 PM,Sat,Air Force,27,@,Utah State,20,,
235,5,Sep 24 2016,12:00 PM,Sat,(1) Alabama,48,,Kent State,0,,
236,5,Sep 24 2016,3:30 PM,Sat,Appalachian State,45,@,Akron,38,,
237,5,Sep 24 2016,10:00 PM,Sat,Arizona State,51,,California,41,,
238,5,Sep 24 2016,6:00 PM,Sat,Auburn,18,,(18) Louisiana State,13,,
239,5,Sep 24 2016,6:00 PM,Sat,Ball State,31,@,Florida Atlantic,27,,
240,5,Sep 24 2016,7:30 PM,Sat,(16) Baylor,35,,Oklahoma State,24,,
241,5,Sep 24 2016,3:30 PM,Sat,Boise State,38,@,Oregon State,24,,
242,5,Sep 24 2016,1:00 PM,Sat,Boston College,42,,Wagner,10,,
243,5,Sep 24 2016,7:00 PM,Sat,Buffalo,23,,Army,20,,
244,5,Sep 24 2016,7:00 PM,Sat,Central Arkansas,28,@,Arkansas State,23,,
245,5,Sep 24 2016,7:00 PM,Sat,Central Florida,53,@,Florida International,14,,
246,5,Sep 24 2016,3:30 PM,Sat,Cincinnati,27,,Miami (OH),20,,
247,5,Sep 24 2016,5:30 PM,Sat,Colorado,41,@,Oregon,38,,
248,5,Sep 24 2016,3:30 PM,Sat,Duke,38,@,Notre Dame,35,NBC,
249,5,Sep 24 2016,12:00 PM,Sat,(13) Florida State,55,@,South Florida,35,,
250,5,Sep 24 2016,7:00 PM,Sat,(6) Houston,64,@,Texas State,3,,
251,5,Sep 24 2016,9:00 PM,Sat,Idaho,33,@,Nevada-Las Vegas,30,,
252,5,Sep 24 2016,12:00 PM,Sat,Iowa,14,@,Rutgers,7,,
253,5,Sep 24 2016,12:00 PM,Sat,Iowa State,44,,San Jose State,10,,
254,5,Sep 24 2016,7:10 PM,Sat,Kansas State,35,,Missouri State,0,,
255,5,Sep 24 2016,7:30 PM,Sat,Kentucky,17,,South Carolina,10,,
256,5,Sep 24 2016,8:00 PM,Sat,(3) Louisville,59,@,Marshall,28,,
257,5,Sep 24 2016,8:00 PM,Sat,Memphis,77,,Bowling Green State,3,,
258,5,Sep 24 2016,3:30 PM,Sat,(4) Michigan,49,,Penn State,10,,
259,5,Sep 24 2016,7:00 PM,Sat,Middle Tennessee State,38,,Louisiana Tech,34,,
260,5,Sep 24 2016,12:00 PM,Sat,Minnesota,31,,Colorado State,24,,
261,5,Sep 24 2016,12:00 PM,Sat,(23) Mississippi,45,,(12) Georgia,14,,
262,5,Sep 24 2016,3:30 PM,Sat,Mississippi State,47,@,Massachusetts,35,ESPN3,
263,5,Sep 24 2016,4:00 PM,Sat,Missouri,79,,Delaware State,0,,
264,5,Sep 24 2016,7:30 PM,Sat,(20) Nebraska,24,@,Northwestern,13,BTN,
265,5,Sep 24 2016,3:30 PM,Sat,North Carolina,37,,Pittsburgh,36,,
266,5,Sep 24 2016,6:00 PM,Sat,North Texas,42,@,Rice,35,,
267,5,Sep 24 2016,2:00 PM,Sat,Ohio,37,,Gardner-Webb,21,,
268,5,Sep 24 2016,3:30 PM,Sat,Old Dominion,33,,Texas-San Antonio,19,,
269,5,Sep 24 2016,12:00 PM,Sat,Purdue,24,,Nevada,14,,
270,5,Sep 24 2016,7:00 PM,Sat,South Alabama,41,,Nicholls State,40,,
271,5,Sep 24 2016,8:00 PM,Sat,Southern Mississippi,34,@,Texas-El Paso,7,,
272,5,Sep 24 2016,8:00 PM,Sat,(7) Stanford,22,@,UCLA,13,,
273,5,Sep 24 2016,1:00 PM,Sat,Syracuse,31,@,Connecticut,24,,
274,5,Sep 24 2016,12:00 PM,Sat,Temple,48,,Charlotte,20,,
275,5,Sep 24 2016,3:30 PM,Sat,(14) Tennessee,38,,(19) Florida,28,,
276,5,Sep 24 2016,9:00 PM,Sat,(10) Texas A&M,45,,(17) Arkansas,24,,AT&T Stadium - Arlington Texas
277,5,Sep 24 2016,7:00 PM,Sat,Troy,52,,New Mexico State,6,,
278,5,Sep 24 2016,8:00 PM,Sat,Tulane,41,,Louisiana,39,,
279,5,Sep 24 2016,4:30 PM,Sat,Tulsa,48,@,Fresno State,41,CAMP,
280,5,Sep 24 2016,4:30 PM,Sat,Vanderbilt,31,@,Western Kentucky,30,CBSSN,
281,5,Sep 24 2016,12:30 PM,Sat,Virginia,49,,Central Michigan,35,,
282,5,Sep 24 2016,12:30 PM,Sat,Virginia Tech,54,,East Carolina,17,,
283,5,Sep 24 2016,3:30 PM,Sat,Wake Forest,33,@,Indiana,28,,
284,5,Sep 24 2016,10:30 PM,Sat,(9) Washington,35,@,Arizona,28,,
285,5,Sep 24 2016,3:30 PM,Sat,West Virginia,35,,Brigham Young,32,,FedEx Field - Landover Maryland
286,5,Sep 24 2016,3:30 PM,Sat,Western Illinois,28,@,Northern Illinois,23,,
287,5,Sep 24 2016,7:00 PM,Sat,Western Michigan,49,,Georgia Southern,31,,
288,5,Sep 24 2016,12:00 PM,Sat,(11) Wisconsin,30,@,(8) Michigan State,6,,
289,6,Sep 29 2016,8:00 PM,Thu,(6) Houston,42,,Connecticut,14,ESPN,
290,6,Sep 29 2016,8:30 PM,Thu,Texas Tech,55,,Kansas,19,FS1,
291,6,Sep 30 2016,10:15 PM,Fri,Brigham Young,55,,Toledo,53,ESPN2,
292,6,Sep 30 2016,9:00 PM,Fri,(10) Washington,44,,(7) Stanford,6,ESPN,
293,6,Oct 1 2016,3:30 PM,Sat,Air Force,28,,Navy,14,CBSSN,
294,6,Oct 1 2016,3:30 PM,Sat,Akron,31,@,Kent State,27,,
295,6,Oct 1 2016,7:00 PM,Sat,(1) Alabama,34,,Kentucky,6,,
296,6,Oct 1 2016,12:00 PM,Sat,Appalachian State,17,,Georgia State,3,,
297,6,Oct 1 2016,12:00 PM,Sat,(20) Arkansas,52,,Alcorn State,10,,
298,6,Oct 1 2016,3:30 PM,Sat,Auburn,58,,Louisiana-Monroe,7,,
299,6,Oct 1 2016,12:00 PM,Sat,(13) Baylor,45,@,Iowa State,42,,
300,6,Oct 1 2016,10:15 PM,Sat,(24) Boise State,21,,Utah State,10,,
301,6,Oct 1 2016,1:00 PM,Sat,Boston College,35,,Buffalo,3,,
302,6,Oct 1 2016,6:00 PM,Sat,California,28,,(18) Utah,23,,
303,6,Oct 1 2016,12:00 PM,Sat,Central Florida,47,@,East Carolina,29,,
304,6,Oct 1 2016,8:00 PM,Sat,(5) Clemson,42,,(3) Louisville,36,,
305,6,Oct 1 2016,2:30 PM,Sat,Colorado,47,,Oregon State,6,,
306,6,Oct 1 2016,3:00 PM,Sat,Eastern Michigan,28,@,Bowling Green State,25,,
307,6,Oct 1 2016,12:00 PM,Sat,(23) Florida,13,@,Vanderbilt,6,,
308,6,Oct 1 2016,7:00 PM,Sat,Florida International,33,,Florida Atlantic,31,,
309,6,Oct 1 2016,11:59 PM,Sat,Hawaii,38,,Nevada,17,,
310,6,Oct 1 2016,8:00 PM,Sat,Indiana,24,,(17) Michigan State,21,BTN,
311,6,Oct 1 2016,7:30 PM,Sat,Louisiana State,42,,Missouri,7,,
312,6,Oct 1 2016,7:00 PM,Sat,Louisiana Tech,28,,Texas-El Paso,7,,
313,6,Oct 1 2016,3:30 PM,Sat,Maryland,50,,Purdue,7,,
314,6,Oct 1 2016,12:00 PM,Sat,(14) Miami (FL),35,@,Georgia Tech,21,,
315,6,Oct 1 2016,3:30 PM,Sat,(4) Michigan,14,,(8) Wisconsin,7,,
316,6,Oct 1 2016,7:00 PM,Sat,Middle Tennessee State,30,@,North Texas,13,,
317,6,Oct 1 2016,7:00 PM,Sat,(16) Mississippi,48,,Memphis,28,,
318,6,Oct 1 2016,3:30 PM,Sat,(15) Nebraska,31,,Illinois,16,,
319,6,Oct 1 2016,10:30 PM,Sat,Nevada-Las Vegas,45,,Fresno State,20,CBSSN,
320,6,Oct 1 2016,4:00 PM,Sat,New Mexico,48,,San Jose State,41,,
321,6,Oct 1 2016,8:00 PM,Sat,New Mexico State,37,,Louisiana,31,,
322,6,Oct 1 2016,3:30 PM,Sat,North Carolina,37,@,(12) Florida State,35,,
323,6,Oct 1 2016,3:30 PM,Sat,North Carolina State,33,,Wake Forest,16,,
324,6,Oct 1 2016,3:30 PM,Sat,Northern Illinois,31,@,Ball State,24,,
325,6,Oct 1 2016,12:00 PM,Sat,Northwestern,38,@,Iowa,31,,
326,6,Oct 1 2016,12:00 PM,Sat,Notre Dame,50,,Syracuse,33,,MetLife Stadium - East Rutherford New Jersey
327,6,Oct 1 2016,2:30 PM,Sat,Ohio,17,@,Miami (OH),7,,
328,6,Oct 1 2016,12:00 PM,Sat,(2) Ohio State,58,,Rutgers,0,,
329,6,Oct 1 2016,5:00 PM,Sat,Oklahoma,52,@,(21) Texas Christian,46,,
330,6,Oct 1 2016,12:00 PM,Sat,Oklahoma State,49,,(22) Texas,31,,
331,6,Oct 1 2016,6:00 PM,Sat,Old Dominion,52,@,Charlotte,17,,
332,6,Oct 1 2016,3:30 PM,Sat,Penn State,29,,Minnesota,26,,
333,6,Oct 1 2016,7:30 PM,Sat,Pittsburgh,43,,Marshall,27,,
334,6,Oct 1 2016,8:00 PM,Sat,South Alabama,42,,(19) San Diego State,24,,
335,6,Oct 1 2016,7:00 PM,Sat,South Florida,45,@,Cincinnati,20,,
336,6,Oct 1 2016,8:30 PM,Sat,Southern California,41,,Arizona State,20,,
337,6,Oct 1 2016,7:00 PM,Sat,Southern Mississippi,44,,Rice,28,,
338,6,Oct 1 2016,12:00 PM,Sat,Temple,45,,Southern Methodist,20,,
339,6,Oct 1 2016,3:30 PM,Sat,(11) Tennessee,34,@,(25) Georgia,31,,
340,6,Oct 1 2016,4:00 PM,Sat,(9) Texas A&M,24,@,South Carolina,13,,
341,6,Oct 1 2016,7:30 PM,Sat,Texas State,48,,Incarnate Word,17,,
342,6,Oct 1 2016,5:00 PM,Sat,Troy,34,@,Idaho,13,,
343,6,Oct 1 2016,3:30 PM,Sat,Tulane,31,@,Massachusetts,24,,
344,6,Oct 1 2016,10:30 PM,Sat,UCLA,45,,Arizona,24,,
345,6,Oct 1 2016,12:30 PM,Sat,Virginia,34,@,Duke,20,,
346,6,Oct 1 2016,9:30 PM,Sat,Washington State,51,,Oregon,33,,
347,6,Oct 1 2016,3:30 PM,Sat,West Virginia,17,,Kansas State,16,,
348,6,Oct 1 2016,7:00 PM,Sat,Western Kentucky,50,,Houston Baptist,3,,
349,6,Oct 1 2016,7:00 PM,Sat,Western Michigan,49,@,Central Michigan,10,,
350,6,Oct 1 2016,10:15 PM,Sat,Wyoming,38,@,Colorado State,17,,
351,7,Oct 5 2016,8:00 PM,Wed,Arkansas State,27,,Georgia Southern,26,ESPN2,
352,7,Oct 6 2016,8:00 PM,Thu,Louisiana Tech,55,,Western Kentucky,52,,
353,7,Oct 6 2016,8:00 PM,Thu,Memphis,34,,Temple,27,ESPN,
354,7,Oct 7 2016,9:00 PM,Fri,(19) Boise State,49,@,New Mexico,21,CBSSN,
355,7,Oct 7 2016,7:30 PM,Fri,(3) Clemson,56,@,Boston College,10,ESPN,
356,7,Oct 7 2016,8:00 PM,Fri,Old Dominion,36,,Massachusetts,16,,
357,7,Oct 7 2016,8:00 PM,Fri,Tulsa,43,,Southern Methodist,40,ESPN2,
358,7,Oct 8 2016,3:00 PM,Sat,Akron,35,,Miami (OH),13,,
359,7,Oct 8 2016,7:00 PM,Sat,(1) Alabama,49,@,(16) Arkansas,30,,
360,7,Oct 8 2016,10:30 PM,Sat,Arizona State,23,,UCLA,20,,
361,7,Oct 8 2016,12:00 PM,Sat,Auburn,38,@,Mississippi State,14,,
362,7,Oct 8 2016,3:30 PM,Sat,Brigham Young,31,@,Michigan State,14,,
363,7,Oct 8 2016,3:30 PM,Sat,Central Michigan,24,,Ball State,21,,
364,7,Oct 8 2016,10:00 PM,Sat,Colorado State,31,,Utah State,24,CBSSN,
365,7,Oct 8 2016,11:30 AM,Sat,Connecticut,20,,Cincinnati,9,CBSSN,
366,7,Oct 8 2016,3:30 PM,Sat,Duke,13,,Army,6,,
367,7,Oct 8 2016,8:00 PM,Sat,Florida International,35,@,Texas-El Paso,21,,
368,7,Oct 8 2016,8:00 PM,Sat,(23) Florida State,20,@,(10) Miami (FL),19,,
369,7,Oct 8 2016,3:30 PM,Sat,Georgia State,41,,Texas State,21,,
370,7,Oct 8 2016,4:30 PM,Sat,Hawaii,34,@,San Jose State,17,,
371,7,Oct 8 2016,7:00 PM,Sat,Idaho,34,@,Louisiana-Monroe,31,,
372,7,Oct 8 2016,12:00 PM,Sat,Iowa,14,@,Minnesota,7,,
373,7,Oct 8 2016,7:00 PM,Sat,Kansas State,44,,Texas Tech,38,,
374,7,Oct 8 2016,3:30 PM,Sat,Kent State,44,@,Buffalo,20,,
375,7,Oct 8 2016,4:00 PM,Sat,Kentucky,20,,Vanderbilt,13,,
376,7,Oct 8 2016,7:00 PM,Sat,(4) Michigan,78,@,Rutgers,0,,
377,7,Oct 8 2016,3:00 PM,Sat,Navy,46,,(6) Houston,40,CBSSN,
378,7,Oct 8 2016,7:00 PM,Sat,Nevada,27,,Fresno State,22,,
379,7,Oct 8 2016,12:00 PM,Sat,North Carolina State,10,,Notre Dame,3,,
380,7,Oct 8 2016,7:00 PM,Sat,North Texas,38,,Marshall,21,,
381,7,Oct 8 2016,2:00 PM,Sat,Ohio,30,,Bowling Green State,24,,
382,7,Oct 8 2016,3:30 PM,Sat,(2) Ohio State,38,,Indiana,17,,
383,7,Oct 8 2016,12:00 PM,Sat,(20) Oklahoma,45,,Texas,40,,Cotton Bowl Stadium - Dallas Texas
384,7,Oct 8 2016,3:30 PM,Sat,Oklahoma State,38,,Iowa State,31,,
385,7,Oct 8 2016,9:00 PM,Sat,Oregon State,47,,California,44,,
386,7,Oct 8 2016,12:00 PM,Sat,Penn State,38,,Maryland,14,,
387,7,Oct 8 2016,12:30 PM,Sat,Pittsburgh,37,,Georgia Tech,34,,
388,7,Oct 8 2016,3:30 PM,Sat,Purdue,34,@,Illinois,31,,
389,7,Oct 8 2016,10:30 PM,Sat,San Diego State,26,,Nevada-Las Vegas,7,,
390,7,Oct 8 2016,12:00 PM,Sat,South Florida,38,,East Carolina,22,,
391,7,Oct 8 2016,4:00 PM,Sat,Southern California,21,,(21) Colorado,17,,
392,7,Oct 8 2016,3:30 PM,Sat,(8) Texas A&M,45,,(9) Tennessee,38,,
393,7,Oct 8 2016,12:00 PM,Sat,Texas Christian,24,@,Kansas,23,,
394,7,Oct 8 2016,12:00 PM,Sat,Texas-San Antonio,55,,Southern Mississippi,32,,
395,7,Oct 8 2016,3:00 PM,Sat,Toledo,35,@,Eastern Michigan,20,,
396,7,Oct 8 2016,10:00 PM,Sat,(24) Utah,36,,Arizona,23,,
397,7,Oct 8 2016,3:30 PM,Sat,(25) Virginia Tech,34,@,(17) North Carolina,3,,
398,7,Oct 8 2016,7:00 PM,Sat,Wake Forest,28,,Syracuse,9,,
399,7,Oct 8 2016,7:30 PM,Sat,(5) Washington,70,@,Oregon,21,,
400,7,Oct 8 2016,10:30 PM,Sat,Washington State,42,@,(15) Stanford,16,,
401,7,Oct 8 2016,6:30 PM,Sat,Western Michigan,45,,Northern Illinois,30,,
402,7,Oct 8 2016,3:30 PM,Sat,Wyoming,35,,Air Force,26,,
403,7,Oct 9 2016,12:00 PM,Sun,Charlotte,28,@,Florida Atlantic,23,,
404,7,Oct 9 2016,2:30 PM,Sun,Georgia,28,@,South Carolina,14,,
405,8,Oct 12 2016,8:00 PM,Wed,Appalachian State,24,@,Louisiana,0,ESPN2,
406,8,Oct 14 2016,10:15 PM,Fri,Brigham Young,28,,Mississippi State,21,ESPN,
407,8,Oct 14 2016,7:00 PM,Fri,(7) Louisville,24,,Duke,14,ESPN,
408,8,Oct 14 2016,8:00 PM,Fri,Memphis,24,@,Tulane,14,ESPNU,
409,8,Oct 14 2016,10:00 PM,Fri,San Diego State,17,@,Fresno State,3,CBSSN,
410,8,Oct 15 2016,3:30 PM,Sat,(1) Alabama,49,@,(9) Tennessee,10,,
411,8,Oct 15 2016,7:00 PM,Sat,(22) Arkansas,34,,(12) Mississippi,30,,
412,8,Oct 15 2016,7:00 PM,Sat,Arkansas State,17,,South Alabama,7,,
413,8,Oct 15 2016,12:00 PM,Sat,Army,62,,Lafayette,7,,
414,8,Oct 15 2016,3:30 PM,Sat,Ball State,31,@,Buffalo,21,,
415,8,Oct 15 2016,3:30 PM,Sat,(11) Baylor,49,,Kansas,7,,
416,8,Oct 15 2016,10:15 PM,Sat,(15) Boise State,28,,Colorado State,23,,
417,8,Oct 15 2016,3:30 PM,Sat,Central Michigan,34,@,Northern Illinois,28,,
418,8,Oct 15 2016,12:00 PM,Sat,(3) Clemson,24,,North Carolina State,17,,
419,8,Oct 15 2016,8:00 PM,Sat,Colorado,40,,Arizona State,16,,
420,8,Oct 15 2016,2:00 PM,Sat,Eastern Michigan,27,@,Ohio,20,,
421,8,Oct 15 2016,4:00 PM,Sat,(18) Florida,40,,Missouri,14,,
422,8,Oct 15 2016,6:00 PM,Sat,Florida International,27,@,Charlotte,26,,
423,8,Oct 15 2016,3:30 PM,Sat,(14) Florida State,17,,Wake Forest,6,,
424,8,Oct 15 2016,12:30 PM,Sat,Georgia Tech,35,,Georgia Southern,24,,
425,8,Oct 15 2016,7:00 PM,Sat,(13) Houston,38,,Tulsa,31,,
426,8,Oct 15 2016,5:00 PM,Sat,Idaho,55,,New Mexico State,23,,
427,8,Oct 15 2016,12:00 PM,Sat,Illinois,24,@,Rutgers,7,,
428,8,Oct 15 2016,12:00 PM,Sat,Iowa,49,@,Purdue,35,,
429,8,Oct 15 2016,7:30 PM,Sat,Louisiana State,45,,Southern Mississippi,10,,
430,8,Oct 15 2016,3:30 PM,Sat,Louisiana Tech,56,@,Massachusetts,28,,
431,8,Oct 15 2016,7:00 PM,Sat,Louisiana-Monroe,40,,Texas State,34,,
432,8,Oct 15 2016,7:00 PM,Sat,Marshall,27,,Florida Atlantic,21,,
433,8,Oct 15 2016,2:30 PM,Sat,Miami (OH),18,,Kent State,14,,
434,8,Oct 15 2016,12:00 PM,Sat,Minnesota,31,@,Maryland,10,,
435,8,Oct 15 2016,3:30 PM,Sat,(10) Nebraska,27,@,Indiana,22,,
436,8,Oct 15 2016,11:59 PM,Sat,Nevada-Las Vegas,41,@,Hawaii,38,,
437,8,Oct 15 2016,3:30 PM,Sat,New Mexico,45,,Air Force,40,,Cotton Bowl Stadium - Dallas Texas
438,8,Oct 15 2016,3:30 PM,Sat,North Carolina,20,@,(16) Miami (FL),13,,
439,8,Oct 15 2016,3:30 PM,Sat,Northwestern,54,@,Michigan State,40,,
440,8,Oct 15 2016,8:00 PM,Sat,(2) Ohio State,30,@,(8) Wisconsin,23,ABC,
441,8,Oct 15 2016,12:00 PM,Sat,(19) Oklahoma,38,,Kansas State,17,,
442,8,Oct 15 2016,12:30 PM,Sat,Pittsburgh,45,@,Virginia,31,,
443,8,Oct 15 2016,10:30 PM,Sat,San Jose State,14,,Nevada,10,CBSSN,
444,8,Oct 15 2016,7:00 PM,Sat,South Florida,42,,Connecticut,27,,
445,8,Oct 15 2016,3:30 PM,Sat,Southern California,48,@,Arizona,14,,
446,8,Oct 15 2016,7:30 PM,Sat,Stanford,17,@,Notre Dame,10,NBC,
447,8,Oct 15 2016,3:45 PM,Sat,Syracuse,31,,(17) Virginia Tech,17,,
448,8,Oct 15 2016,7:30 PM,Sat,Temple,26,@,Central Florida,25,,
449,8,Oct 15 2016,7:00 PM,Sat,Texas,27,,Iowa State,6,,
450,8,Oct 15 2016,7:00 PM,Sat,Texas-San Antonio,14,@,Rice,13,,
451,8,Oct 15 2016,3:30 PM,Sat,Toledo,42,,Bowling Green State,35,,
452,8,Oct 15 2016,3:30 PM,Sat,Troy,31,,Georgia State,21,,
453,8,Oct 15 2016,4:00 PM,Sat,(21) Utah,19,@,Oregon State,14,,
454,8,Oct 15 2016,12:00 PM,Sat,Vanderbilt,17,@,Georgia,16,,
455,8,Oct 15 2016,10:30 PM,Sat,Washington State,27,,UCLA,21,,
456,8,Oct 15 2016,12:00 PM,Sat,(20) West Virginia,48,@,Texas Tech,17,,
457,8,Oct 15 2016,2:30 PM,Sat,Western Kentucky,44,@,Middle Tennessee State,43,ESPN3,
458,8,Oct 15 2016,3:30 PM,Sat,(24) Western Michigan,41,@,Akron,0,,
459,9,Oct 20 2016,10:15 PM,Thu,(14) Boise State,28,,Brigham Young,27,ESPN,
460,9,Oct 20 2016,7:30 PM,Thu,Troy,28,@,South Alabama,21,ESPNU,
461,9,Oct 20 2016,7:00 PM,Thu,Virginia Tech,37,,Miami (FL),16,ESPN,
462,9,Oct 21 2016,10:30 PM,Fri,California,52,,Oregon,49,ESPN,
463,9,Oct 21 2016,10:30 PM,Fri,San Diego State,42,,San Jose State,3,ESPN2,
464,9,Oct 21 2016,7:00 PM,Fri,Temple,46,,South Florida,30,ESPN,
465,9,Oct 22 2016,3:00 PM,Sat,Akron,35,@,Ball State,25,,
466,9,Oct 22 2016,3:30 PM,Sat,(1) Alabama,33,,(6) Texas A&M,14,,
467,9,Oct 22 2016,3:30 PM,Sat,Appalachian State,37,,Idaho,19,,
468,9,Oct 22 2016,6:00 PM,Sat,(21) Auburn,56,,(17) Arkansas,3,,
469,9,Oct 22 2016,12:00 PM,Sat,Central Florida,24,@,Connecticut,16,,
470,9,Oct 22 2016,5:30 PM,Sat,Charlotte,27,@,Marshall,24,,
471,9,Oct 22 2016,7:00 PM,Sat,Cincinnati,31,,East Carolina,19,,
472,9,Oct 22 2016,3:00 PM,Sat,Colorado,10,@,Stanford,5,,
473,9,Oct 22 2016,5:30 PM,Sat,Colorado State,42,@,Nevada-Las Vegas,23,,
474,9,Oct 22 2016,8:00 PM,Sat,Georgia Southern,22,@,New Mexico State,19,,
475,9,Oct 22 2016,3:30 PM,Sat,Georgia State,31,,Tennessee-Martin,6,,
476,9,Oct 22 2016,2:00 PM,Sat,Hawaii,34,@,Air Force,27,,
477,9,Oct 22 2016,12:00 PM,Sat,Kansas State,24,,Texas,21,,
478,9,Oct 22 2016,7:30 PM,Sat,Kentucky,40,,Mississippi State,38,,
479,9,Oct 22 2016,7:00 PM,Sat,Louisiana,27,@,Texas State,3,,
480,9,Oct 22 2016,9:00 PM,Sat,(25) Louisiana State,38,,(23) Mississippi,21,,
481,9,Oct 22 2016,7:00 PM,Sat,Louisiana Tech,44,@,Florida International,24,ESPN3,
482,9,Oct 22 2016,12:00 PM,Sat,(7) Louisville,54,,North Carolina State,13,,
483,9,Oct 22 2016,7:30 PM,Sat,Maryland,28,,Michigan State,17,BTN,
484,9,Oct 22 2016,12:00 PM,Sat,Miami (OH),40,@,Bowling Green State,26,,
485,9,Oct 22 2016,3:30 PM,Sat,(3) Michigan,41,,Illinois,8,,
486,9,Oct 22 2016,4:00 PM,Sat,Middle Tennessee State,51,@,Missouri,45,,
487,9,Oct 22 2016,12:00 PM,Sat,Minnesota,34,,Rutgers,32,,
488,9,Oct 22 2016,3:30 PM,Sat,(24) Navy,42,,Memphis,28,CBSSN,
489,9,Oct 22 2016,3:30 PM,Sat,(8) Nebraska,27,,Purdue,14,,
490,9,Oct 22 2016,9:00 PM,Sat,New Mexico,59,,Louisiana-Monroe,17,,
491,9,Oct 22 2016,3:00 PM,Sat,(22) North Carolina,35,@,Virginia,14,,
492,9,Oct 22 2016,12:00 PM,Sat,North Texas,35,@,Army,18,,
493,9,Oct 22 2016,3:30 PM,Sat,Northern Illinois,44,,Buffalo,7,,
494,9,Oct 22 2016,12:00 PM,Sat,Northwestern,24,,Indiana,14,,
495,9,Oct 22 2016,1:00 PM,Sat,Ohio,14,@,Kent State,10,,
496,9,Oct 22 2016,8:00 PM,Sat,(16) Oklahoma,66,@,Texas Tech,59,,
497,9,Oct 22 2016,12:00 PM,Sat,Oklahoma State,44,@,Kansas,20,,
498,9,Oct 22 2016,8:00 PM,Sat,Penn State,24,,(2) Ohio State,21,ABC,
499,9,Oct 22 2016,3:30 PM,Sat,Rice,65,,Prairie View A&M,44,,
500,9,Oct 22 2016,12:00 PM,Sat,South Carolina,34,,Massachusetts,28,,
501,9,Oct 22 2016,7:00 PM,Sat,Southern Methodist,38,,(11) Houston,16,,
502,9,Oct 22 2016,12:30 PM,Sat,Syracuse,28,@,Boston College,20,,
503,9,Oct 22 2016,7:00 PM,Sat,Texas-El Paso,52,@,Texas-San Antonio,49,,
504,9,Oct 22 2016,12:00 PM,Sat,Toledo,31,,Central Michigan,17,,
505,9,Oct 22 2016,3:45 PM,Sat,Tulsa,50,,Tulane,27,,
506,9,Oct 22 2016,4:00 PM,Sat,(19) Utah,52,@,UCLA,45,,
507,9,Oct 22 2016,10:30 PM,Sat,Utah State,38,,Fresno State,20,CBSSN,
508,9,Oct 22 2016,7:30 PM,Sat,Vanderbilt,35,,Tennessee State,17,,
509,9,Oct 22 2016,6:30 PM,Sat,(5) Washington,41,,Oregon State,17,,
510,9,Oct 22 2016,10:00 PM,Sat,Washington State,37,@,Arizona State,32,,
511,9,Oct 22 2016,3:30 PM,Sat,(12) West Virginia,34,,Texas Christian,10,,
512,9,Oct 22 2016,7:00 PM,Sat,Western Kentucky,59,,Old Dominion,24,,
513,9,Oct 22 2016,3:30 PM,Sat,(20) Western Michigan,45,,Eastern Michigan,31,,
514,9,Oct 22 2016,12:00 PM,Sat,(10) Wisconsin,17,@,Iowa,9,,
515,9,Oct 22 2016,10:30 PM,Sat,Wyoming,42,@,Nevada,34,,
516,10,Oct 27 2016,7:30 PM,Thu,Appalachian State,34,@,Georgia Southern,10,ESPNU,
517,10,Oct 27 2016,7:30 PM,Thu,Buffalo,41,,Akron,20,CBSSN,
518,10,Oct 27 2016,7:30 PM,Thu,Ohio,31,@,Toledo,26,CBSSN,
519,10,Oct 27 2016,10:30 PM,Thu,Southern California,45,,California,24,ESPN,
520,10,Oct 27 2016,7:00 PM,Thu,(25) Virginia Tech,39,@,Pittsburgh,36,ESPN,
521,10,Oct 28 2016,10:30 PM,Fri,Air Force,31,@,Fresno State,21,ESPN2,
522,10,Oct 28 2016,8:00 PM,Fri,San Diego State,40,@,Utah State,13,CBSSN,
523,10,Oct 28 2016,7:00 PM,Fri,South Florida,52,,(22) Navy,45,ESPN2,
524,10,Oct 29 2016,7:00 PM,Sat,Arkansas State,51,,Louisiana-Monroe,10,,
525,10,Oct 29 2016,3:30 PM,Sat,Army,21,@,Wake Forest,13,,
526,10,Oct 29 2016,7:15 PM,Sat,(15) Auburn,40,@,Mississippi,29,,
527,10,Oct 29 2016,12:30 PM,Sat,Boston College,21,@,North Carolina State,14,,
528,10,Oct 29 2016,8:00 PM,Sat,(3) Clemson,37,@,(12) Florida State,34,,
529,10,Oct 29 2016,12:00 PM,Sat,East Carolina,41,,Connecticut,3,,
530,10,Oct 29 2016,3:30 PM,Sat,(14) Florida,24,,Georgia,10,CBS,EverBank Field - Jacksonville Florida
531,10,Oct 29 2016,12:00 PM,Sat,Georgia Tech,38,,Duke,35,,
532,10,Oct 29 2016,12:00 PM,Sat,Houston,31,,Central Florida,24,,
533,10,Oct 29 2016,3:30 PM,Sat,Indiana,42,,Maryland,36,,
534,10,Oct 29 2016,12:00 PM,Sat,Kansas State,31,@,Iowa State,26,,
535,10,Oct 29 2016,12:00 PM,Sat,Kent State,27,@,Central Michigan,24,,
536,10,Oct 29 2016,12:00 PM,Sat,Kentucky,35,@,Missouri,21,,
537,10,Oct 29 2016,7:00 PM,Sat,Louisiana Tech,61,,Rice,16,,
538,10,Oct 29 2016,12:00 PM,Sat,(5) Louisville,32,@,Virginia,25,,
539,10,Oct 29 2016,12:00 PM,Sat,Massachusetts,34,,Wagner,10,ESPN3,
540,10,Oct 29 2016,3:30 PM,Sat,Miami (OH),28,@,Eastern Michigan,15,,
541,10,Oct 29 2016,12:00 PM,Sat,(2) Michigan,32,@,Michigan State,23,,
542,10,Oct 29 2016,7:00 PM,Sat,Middle Tennessee State,42,@,Florida International,35,,
543,10,Oct 29 2016,12:00 PM,Sat,Minnesota,40,@,Illinois,17,,
544,10,Oct 29 2016,3:30 PM,Sat,Mississippi State,56,,Samford,41,,
545,10,Oct 29 2016,11:59 PM,Sat,New Mexico,28,@,Hawaii,21,,
546,10,Oct 29 2016,3:30 PM,Sat,Notre Dame,30,,Miami (FL),27,NBC,
547,10,Oct 29 2016,3:30 PM,Sat,(6) Ohio State,24,,Northwestern,20,ABC,
548,10,Oct 29 2016,7:00 PM,Sat,(16) Oklahoma,56,,Kansas,3,,
549,10,Oct 29 2016,12:00 PM,Sat,Oklahoma State,37,,(10) West Virginia,20,,
550,10,Oct 29 2016,8:00 PM,Sat,Old Dominion,31,@,Texas-El Paso,21,,
551,10,Oct 29 2016,5:00 PM,Sat,Oregon,54,,Arizona State,35,,
552,10,Oct 29 2016,12:00 PM,Sat,(24) Penn State,62,@,Purdue,24,,
553,10,Oct 29 2016,10:30 PM,Sat,San Jose State,30,,Nevada-Las Vegas,24,CBSSN,
554,10,Oct 29 2016,5:00 PM,Sat,South Alabama,13,,Georgia State,10,,
555,10,Oct 29 2016,7:15 PM,Sat,South Carolina,24,,(18) Tennessee,21,,
556,10,Oct 29 2016,4:00 PM,Sat,Southern Methodist,35,@,Tulane,31,,
557,10,Oct 29 2016,7:00 PM,Sat,Southern Mississippi,24,,Marshall,14,,
558,10,Oct 29 2016,11:00 PM,Sat,Stanford,34,@,Arizona,10,,
559,10,Oct 29 2016,3:30 PM,Sat,Temple,34,,Cincinnati,13,,
560,10,Oct 29 2016,3:30 PM,Sat,Texas,35,,(8) Baylor,34,,
561,10,Oct 29 2016,7:30 PM,Sat,(9) Texas A&M,52,,New Mexico State,10,,
562,10,Oct 29 2016,3:30 PM,Sat,Texas Tech,27,@,Texas Christian,24,,
563,10,Oct 29 2016,7:00 PM,Sat,Texas-San Antonio,31,,North Texas,17,,
564,10,Oct 29 2016,8:00 PM,Sat,Tulsa,59,@,Memphis,30,,
565,10,Oct 29 2016,3:30 PM,Sat,(4) Washington,31,@,(17) Utah,24,,
566,10,Oct 29 2016,10:45 PM,Sat,Washington State,35,@,Oregon State,31,,
567,10,Oct 29 2016,3:30 PM,Sat,Western Kentucky,52,@,Florida Atlantic,3,,
568,10,Oct 29 2016,7:00 PM,Sat,(11) Wisconsin,23,,(7) Nebraska,17,ABC,
569,10,Oct 29 2016,7:00 PM,Sat,Wyoming,30,,(13) Boise State,28,CBSSN,
570,11,Nov 1 2016,8:00 PM,Tue,Northern Illinois,45,,Bowling Green State,20,ESPN2,
571,11,Nov 1 2016,8:00 PM,Tue,(17) Western Michigan,52,@,Ball State,20,ESPN2,
572,11,Nov 2 2016,7:30 PM,Wed,Toledo,48,@,Akron,17,ESPN2,
573,11,Nov 3 2016,7:30 PM,Thu,Arkansas State,31,@,Georgia State,16,ESPNU,
574,11,Nov 3 2016,9:00 PM,Thu,(21) Colorado,20,,UCLA,10,FS1,
575,11,Nov 3 2016,6:00 PM,Thu,Ohio,34,,Buffalo,10,CBSSN,
576,11,Nov 3 2016,7:30 PM,Thu,(12) Oklahoma,34,@,Iowa State,24,ESPN,
577,11,Nov 4 2016,10:15 PM,Fri,(24) Boise State,45,,San Jose State,31,ESPN2,
578,11,Nov 4 2016,6:00 PM,Fri,Miami (OH),37,,Central Michigan,17,CBSSN,
579,11,Nov 4 2016,7:00 PM,Fri,Temple,21,@,Connecticut,0,ESPN2,
580,11,Nov 5 2016,12:00 PM,Sat,Air Force,31,@,Army,12,CBSSN,
581,11,Nov 5 2016,8:00 PM,Sat,(1) Alabama,10,@,(15) Louisiana State,0,,
582,11,Nov 5 2016,3:30 PM,Sat,Appalachian State,35,,Texas State,10,,
583,11,Nov 5 2016,3:30 PM,Sat,Arkansas,31,,(10) Florida,10,,
584,11,Nov 5 2016,12:00 PM,Sat,(11) Auburn,23,,Vanderbilt,16,,
585,11,Nov 5 2016,3:30 PM,Sat,Brigham Young,20,@,Cincinnati,3,,
586,11,Nov 5 2016,5:00 PM,Sat,Central Florida,37,,Tulane,6,,
587,11,Nov 5 2016,3:30 PM,Sat,Charlotte,38,@,Southern Mississippi,27,,
588,11,Nov 5 2016,3:30 PM,Sat,(3) Clemson,54,,Syracuse,0,,
589,11,Nov 5 2016,3:30 PM,Sat,Colorado State,37,,Fresno State,0,,
590,11,Nov 5 2016,3:30 PM,Sat,Florida Atlantic,42,@,Rice,25,ESPN3,
591,11,Nov 5 2016,7:00 PM,Sat,(19) Florida State,24,@,North Carolina State,20,,
592,11,Nov 5 2016,7:30 PM,Sat,Georgia,27,@,Kentucky,24,,
593,11,Nov 5 2016,5:00 PM,Sat,Idaho,23,@,Louisiana,13,,
594,11,Nov 5 2016,12:00 PM,Sat,Illinois,31,,Michigan State,27,,
595,11,Nov 5 2016,12:00 PM,Sat,Indiana,33,@,Rutgers,27,,
596,11,Nov 5 2016,5:30 PM,Sat,Louisiana Tech,45,@,North Texas,24,ESPN3,
597,11,Nov 5 2016,5:00 PM,Sat,Louisiana-Monroe,42,,South Alabama,35,,
598,11,Nov 5 2016,12:00 PM,Sat,(5) Louisville,52,@,Boston College,7,,
599,11,Nov 5 2016,4:00 PM,Sat,Memphis,51,@,Southern Methodist,7,,
600,11,Nov 5 2016,12:30 PM,Sat,Miami (FL),51,,Pittsburgh,28,,
601,11,Nov 5 2016,3:30 PM,Sat,(2) Michigan,59,,Maryland,3,,
602,11,Nov 5 2016,3:30 PM,Sat,Minnesota,44,,Purdue,31,,
603,11,Nov 5 2016,12:00 PM,Sat,Mississippi,37,,Georgia Southern,27,,
604,11,Nov 5 2016,12:00 PM,Sat,Mississippi State,35,,(7) Texas A&M,28,,
605,11,Nov 5 2016,11:30 AM,Sat,Navy,28,,Notre Dame,27,CBS,EverBank Field - Jacksonville Florida
606,11,Nov 5 2016,10:15 PM,Sat,New Mexico,35,,Nevada,26,,
607,11,Nov 5 2016,12:30 PM,Sat,(18) North Carolina,48,,Georgia Tech,20,,
608,11,Nov 5 2016,8:00 PM,Sat,(6) Ohio State,62,,(9) Nebraska,3,ABC,
609,11,Nov 5 2016,3:30 PM,Sat,(22) Oklahoma State,43,@,Kansas State,37,,
610,11,Nov 5 2016,7:00 PM,Sat,Old Dominion,38,,Marshall,14,,
611,11,Nov 5 2016,7:30 PM,Sat,(20) Penn State,41,,Iowa,14,BTN,
612,11,Nov 5 2016,7:00 PM,Sat,San Diego State,55,,Hawaii,0,,
613,11,Nov 5 2016,4:00 PM,Sat,South Carolina,31,,Missouri,21,,
614,11,Nov 5 2016,7:00 PM,Sat,Southern California,45,,Oregon,20,,
615,11,Nov 5 2016,3:30 PM,Sat,Stanford,26,,Oregon State,15,,
616,11,Nov 5 2016,4:00 PM,Sat,Tennessee,55,,Tennessee Tech,0,,
617,11,Nov 5 2016,12:00 PM,Sat,Texas,45,@,Texas Tech,37,,
618,11,Nov 5 2016,3:30 PM,Sat,Texas Christian,62,@,(13) Baylor,22,,
619,11,Nov 5 2016,8:00 PM,Sat,Texas-El Paso,42,,Houston Baptist,10,,
620,11,Nov 5 2016,2:30 PM,Sat,Texas-San Antonio,45,@,Middle Tennessee State,25,ESPN3,
621,11,Nov 5 2016,3:30 PM,Sat,Troy,52,,Massachusetts,31,,
622,11,Nov 5 2016,8:00 PM,Sat,Tulsa,45,,East Carolina,24,,
623,11,Nov 5 2016,3:30 PM,Sat,(23) Virginia Tech,24,@,Duke,21,,
624,11,Nov 5 2016,3:00 PM,Sat,Wake Forest,27,,Virginia,20,,
625,11,Nov 5 2016,10:30 PM,Sat,(4) Washington,66,@,California,27,,
626,11,Nov 5 2016,4:00 PM,Sat,(25) Washington State,69,,Arizona,7,,
627,11,Nov 5 2016,7:00 PM,Sat,(14) West Virginia,48,,Kansas,21,,
628,11,Nov 5 2016,5:30 PM,Sat,Western Kentucky,49,,Florida International,21,,
629,11,Nov 5 2016,12:00 PM,Sat,(8) Wisconsin,21,@,Northwestern,7,,
630,11,Nov 5 2016,10:15 PM,Sat,Wyoming,52,,Utah State,28,,
631,12,Nov 8 2016,7:00 PM,Tue,Eastern Michigan,48,@,Ball State,41,CBSSN,
632,12,Nov 8 2016,7:30 PM,Tue,(14) Western Michigan,37,@,Kent State,21,CBSSN,
633,12,Nov 9 2016,8:00 PM,Wed,Bowling Green State,38,@,Akron,28,,
634,12,Nov 9 2016,8:00 PM,Wed,Toledo,31,,Northern Illinois,24,ESPN2,
635,12,Nov 10 2016,7:30 PM,Thu,Duke,28,,(15) North Carolina,27,ESPN,
636,12,Nov 10 2016,7:30 PM,Thu,Louisiana,33,@,Georgia Southern,26,ESPNU,
637,12,Nov 10 2016,9:30 PM,Thu,(13) Utah,49,@,Arizona State,26,FS1,
638,12,Nov 11 2016,7:30 PM,Fri,(20) Florida State,45,,Boston College,7,ESPN2,
639,12,Nov 12 2016,10:15 PM,Sat,Air Force,49,,Colorado State,46,,
640,12,Nov 12 2016,12:00 PM,Sat,(1) Alabama,51,,Mississippi State,3,,
641,12,Nov 12 2016,3:00 PM,Sat,Arkansas State,41,,New Mexico State,22,,
642,12,Nov 12 2016,7:00 PM,Sat,(24) Boise State,52,@,Hawaii,16,CBSSN,
643,12,Nov 12 2016,3:00 PM,Sat,Brigham Young,37,,Southern Utah,7,,
644,12,Nov 12 2016,12:00 PM,Sat,Central Florida,24,,Cincinnati,3,,
645,12,Nov 12 2016,10:00 PM,Sat,(16) Colorado,49,@,Arizona,24,,
646,12,Nov 12 2016,12:00 PM,Sat,(22) Florida,20,,South Carolina,7,,
647,12,Nov 12 2016,6:00 PM,Sat,Florida Atlantic,35,,Texas-El Paso,31,,
648,12,Nov 12 2016,3:30 PM,Sat,Georgia,13,,(8) Auburn,7,,
649,12,Nov 12 2016,3:30 PM,Sat,Georgia Tech,30,@,(18) Virginia Tech,20,,
650,12,Nov 12 2016,3:30 PM,Sat,Houston,30,,Tulane,18,,
651,12,Nov 12 2016,4:00 PM,Sat,Idaho,47,@,Texas State,14,,
652,12,Nov 12 2016,8:00 PM,Sat,Iowa,14,,(2) Michigan,13,ABC,
653,12,Nov 12 2016,12:00 PM,Sat,Iowa State,31,@,Kansas,24,,
654,12,Nov 12 2016,7:00 PM,Sat,(19) Louisiana State,38,@,Arkansas,10,,
655,12,Nov 12 2016,3:30 PM,Sat,Louisiana Tech,63,,Texas-San Antonio,35,,
656,12,Nov 12 2016,2:00 PM,Sat,Louisiana-Monroe,37,@,Georgia State,23,,
657,12,Nov 12 2016,7:00 PM,Sat,(5) Louisville,44,,Wake Forest,12,,
658,12,Nov 12 2016,7:00 PM,Sat,Marshall,42,,Middle Tennessee State,17,,
659,12,Nov 12 2016,2:00 PM,Sat,Miami (FL),34,@,Virginia,14,,
660,12,Nov 12 2016,1:00 PM,Sat,Miami (OH),35,@,Buffalo,24,,
661,12,Nov 12 2016,12:00 PM,Sat,Michigan State,49,,Rutgers,0,,
662,12,Nov 12 2016,7:30 PM,Sat,Mississippi,29,@,(10) Texas A&M,28,,
663,12,Nov 12 2016,3:30 PM,Sat,Missouri,26,,Vanderbilt,17,,
664,12,Nov 12 2016,12:00 PM,Sat,Navy,42,,Tulsa,40,CBSSN,
665,12,Nov 12 2016,7:30 PM,Sat,(21) Nebraska,24,,Minnesota,17,BTN,
666,12,Nov 12 2016,3:30 PM,Sat,Nevada-Las Vegas,69,,Wyoming,66,,
667,12,Nov 12 2016,10:15 PM,Sat,New Mexico,24,@,Utah State,21,,
668,12,Nov 12 2016,12:30 PM,Sat,North Carolina State,35,@,Syracuse,20,,
669,12,Nov 12 2016,12:00 PM,Sat,Northwestern,45,@,Purdue,17,,
670,12,Nov 12 2016,3:30 PM,Sat,Notre Dame,44,,Army,6,NBC,
671,12,Nov 12 2016,3:30 PM,Sat,(6) Ohio State,62,@,Maryland,3,,
672,12,Nov 12 2016,12:00 PM,Sat,(9) Oklahoma,45,,(25) Baylor,24,,
673,12,Nov 12 2016,3:30 PM,Sat,(17) Oklahoma State,45,,Texas Tech,44,,
674,12,Nov 12 2016,3:30 PM,Sat,Old Dominion,51,,Southern Mississippi,35,,
675,12,Nov 12 2016,12:00 PM,Sat,(12) Penn State,45,@,Indiana,31,,
676,12,Nov 12 2016,3:30 PM,Sat,Pittsburgh,43,@,(3) Clemson,42,,
677,12,Nov 12 2016,2:00 PM,Sat,Rice,22,@,Charlotte,21,,
678,12,Nov 12 2016,10:30 PM,Sat,San Diego State,46,@,Nevada,16,,
679,12,Nov 12 2016,7:00 PM,Sat,South Florida,49,@,Memphis,42,,
680,12,Nov 12 2016,7:30 PM,Sat,Southern California,26,@,(4) Washington,13,,
681,12,Nov 12 2016,12:00 PM,Sat,Southern Methodist,55,@,East Carolina,31,,
682,12,Nov 12 2016,4:00 PM,Sat,Stanford,52,@,Oregon,27,,
683,12,Nov 12 2016,12:00 PM,Sat,Tennessee,49,,Kentucky,36,,
684,12,Nov 12 2016,3:30 PM,Sat,Troy,28,,Appalachian State,24,,
685,12,Nov 12 2016,9:00 PM,Sat,UCLA,38,,Oregon State,24,,
686,12,Nov 12 2016,10:30 PM,Sat,(23) Washington State,56,,California,21,,
687,12,Nov 12 2016,12:00 PM,Sat,(11) West Virginia,24,@,Texas,20,,
688,12,Nov 12 2016,3:30 PM,Sat,Western Kentucky,45,,North Texas,7,ESPN3,
689,12,Nov 12 2016,3:30 PM,Sat,(7) Wisconsin,48,,Illinois,3,,
690,13,Nov 15 2016,7:00 PM,Tue,Bowling Green State,42,,Kent State,7,,
691,13,Nov 15 2016,7:00 PM,Tue,Central Michigan,27,,Ohio,20,,
692,13,Nov 16 2016,8:00 PM,Wed,Northern Illinois,31,@,Eastern Michigan,24,,
693,13,Nov 16 2016,7:00 PM,Wed,Toledo,37,,Ball State,19,ESPN2,
694,13,Nov 17 2016,9:30 PM,Thu,Arkansas State,35,@,(25) Troy,3,ESPNU,
695,13,Nov 17 2016,8:00 PM,Thu,Houston,36,,(3) Louisville,10,ESPN,
696,13,Nov 18 2016,9:00 PM,Fri,(22) Boise State,42,,Nevada-Las Vegas,25,ESPN2,
697,13,Nov 18 2016,8:00 PM,Fri,Memphis,34,@,Cincinnati,7,CBSSN,
698,13,Nov 19 2016,10:30 PM,Sat,Air Force,41,@,San Jose State,38,CBSSN,
699,13,Nov 19 2016,7:00 PM,Sat,(1) Alabama,31,,Chattanooga,3,,
700,13,Nov 19 2016,2:30 PM,Sat,Appalachian State,42,,Louisiana-Monroe,17,,
701,13,Nov 19 2016,7:00 PM,Sat,Arkansas,58,@,Mississippi State,42,,
702,13,Nov 19 2016,12:00 PM,Sat,Army,60,,Morgan State,3,,
703,13,Nov 19 2016,7:30 PM,Sat,(18) Auburn,55,,Alabama A&M,0,,
704,13,Nov 19 2016,1:00 PM,Sat,Boston College,30,,Connecticut,0,,
705,13,Nov 19 2016,2:00 PM,Sat,Brigham Young,51,,Massachusetts,9,,
706,13,Nov 19 2016,7:00 PM,Sat,(5) Clemson,35,@,Wake Forest,13,,
707,13,Nov 19 2016,3:30 PM,Sat,(12) Colorado,38,,(20) Washington State,24,,
708,13,Nov 19 2016,10:15 PM,Sat,Colorado State,49,,New Mexico,31,,
709,13,Nov 19 2016,1:00 PM,Sat,(21) Florida,16,@,(16) Louisiana State,10,,
710,13,Nov 19 2016,7:00 PM,Sat,Florida International,31,,Marshall,14,,
711,13,Nov 19 2016,3:30 PM,Sat,(17) Florida State,45,@,Syracuse,14,,
712,13,Nov 19 2016,12:00 PM,Sat,Georgia,35,,Louisiana,21,,
713,13,Nov 19 2016,2:00 PM,Sat,Georgia State,30,,Georgia Southern,24,,
714,13,Nov 19 2016,12:30 PM,Sat,Georgia Tech,31,,Virginia,17,,
715,13,Nov 19 2016,7:00 PM,Sat,Hawaii,14,@,Fresno State,13,,
716,13,Nov 19 2016,12:00 PM,Sat,Iowa,28,@,Illinois,0,,
717,13,Nov 19 2016,3:30 PM,Sat,Iowa State,66,,Texas Tech,10,,
718,13,Nov 19 2016,3:30 PM,Sat,Kansas,24,,Texas,21,,
719,13,Nov 19 2016,12:00 PM,Sat,Kansas State,42,@,Baylor,21,,
720,13,Nov 19 2016,4:30 PM,Sat,Kentucky,49,,Austin Peay,13,,
721,13,Nov 19 2016,12:30 PM,Sat,Miami (FL),27,@,North Carolina State,13,,
722,13,Nov 19 2016,3:30 PM,Sat,(4) Michigan,20,,Indiana,10,,
723,13,Nov 19 2016,2:00 PM,Sat,Middle Tennessee State,38,@,Charlotte,31,ESPN3,
724,13,Nov 19 2016,3:30 PM,Sat,Minnesota,29,,Northwestern,12,,
725,13,Nov 19 2016,4:00 PM,Sat,Navy,66,@,East Carolina,31,,
726,13,Nov 19 2016,12:00 PM,Sat,(19) Nebraska,28,,Maryland,7,,
727,13,Nov 19 2016,4:00 PM,Sat,Nevada,38,,Utah State,37,,
728,13,Nov 19 2016,4:00 PM,Sat,New Mexico State,50,,Texas State,10,,
729,13,Nov 19 2016,3:30 PM,Sat,North Carolina,41,,Citadel,7,,
730,13,Nov 19 2016,5:30 PM,Sat,North Texas,29,,Southern Mississippi,23,,
731,13,Nov 19 2016,12:00 PM,Sat,(2) Ohio State,17,@,Michigan State,16,,
732,13,Nov 19 2016,8:00 PM,Sat,(8) Oklahoma,56,@,(10) West Virginia,28,,
733,13,Nov 19 2016,12:00 PM,Sat,(13) Oklahoma State,31,@,Texas Christian,6,,
734,13,Nov 19 2016,6:00 PM,Sat,Old Dominion,42,@,Florida Atlantic,24,,
735,13,Nov 19 2016,2:00 PM,Sat,Oregon,30,@,(11) Utah,28,,
736,13,Nov 19 2016,10:30 PM,Sat,Oregon State,42,,Arizona,17,,
737,13,Nov 19 2016,8:00 PM,Sat,(9) Penn State,39,@,Rutgers,0,BTN,
738,13,Nov 19 2016,3:00 PM,Sat,Pittsburgh,56,,Duke,14,,
739,13,Nov 19 2016,12:00 PM,Sat,Rice,44,,Texas-El Paso,24,ESPN3,
740,13,Nov 19 2016,7:00 PM,Sat,South Alabama,31,,Presbyterian,7,,
741,13,Nov 19 2016,4:00 PM,Sat,South Carolina,44,,Western Carolina,31,,
742,13,Nov 19 2016,7:00 PM,Sat,South Florida,35,@,Southern Methodist,27,,
743,13,Nov 19 2016,10:30 PM,Sat,(15) Southern California,36,@,UCLA,14,,
744,13,Nov 19 2016,5:30 PM,Sat,Stanford,45,@,California,31,,
745,13,Nov 19 2016,3:30 PM,Sat,Temple,31,@,Tulane,0,,
746,13,Nov 19 2016,3:30 PM,Sat,Tennessee,63,,Missouri,37,,
747,13,Nov 19 2016,12:00 PM,Sat,(23) Texas A&M,23,,Texas-San Antonio,10,,
748,13,Nov 19 2016,8:00 PM,Sat,Tulsa,35,@,Central Florida,20,,
749,13,Nov 19 2016,8:00 PM,Sat,Vanderbilt,38,,Mississippi,17,,
750,13,Nov 19 2016,3:30 PM,Sat,Virginia Tech,34,@,Notre Dame,31,NBC,
751,13,Nov 19 2016,7:30 PM,Sat,(7) Washington,44,,Arizona State,18,,
752,13,Nov 19 2016,3:30 PM,Sat,(14) Western Michigan,38,,Buffalo,0,,
753,13,Nov 19 2016,12:00 PM,Sat,(6) Wisconsin,49,@,Purdue,20,,
754,13,Nov 19 2016,3:30 PM,Sat,Wyoming,34,,(24) San Diego State,33,CBSSN,
755,14,Nov 22 2016,7:00 PM,Tue,Eastern Michigan,26,,Central Michigan,21,ESPNU,
756,14,Nov 22 2016,7:00 PM,Tue,Miami (OH),21,,Ball State,20,ESPNU,
757,14,Nov 22 2016,7:00 PM,Tue,Ohio,9,,Akron,3,ESPNU,
758,14,Nov 24 2016,7:30 PM,Thu,(25) Louisiana State,54,@,(22) Texas A&M,39,ESPN,
759,14,Nov 25 2016,3:30 PM,Fri,Air Force,27,,(20) Boise State,20,CBSSN,
760,14,Nov 25 2016,9:30 PM,Fri,Arizona,56,,Arizona State,35,ESPN,
761,14,Nov 25 2016,2:30 PM,Fri,Bowling Green State,27,,Buffalo,19,,
762,14,Nov 25 2016,3:30 PM,Fri,Iowa,40,,(17) Nebraska,10,,
763,14,Nov 25 2016,12:00 PM,Fri,Memphis,48,,(18) Houston,44,,
764,14,Nov 25 2016,2:30 PM,Fri,Missouri,28,,Arkansas,24,CBS,
765,14,Nov 25 2016,12:00 PM,Fri,North Carolina State,28,@,North Carolina,21,,
766,14,Nov 25 2016,12:00 PM,Fri,Northern Illinois,31,@,Kent State,21,,
767,14,Nov 25 2016,4:00 PM,Fri,Southern Mississippi,39,,Louisiana Tech,24,,
768,14,Nov 25 2016,3:30 PM,Fri,Texas Christian,31,@,Texas,9,,
769,14,Nov 25 2016,6:00 PM,Fri,Texas Tech,54,,Baylor,35,ESPN,
770,14,Nov 25 2016,8:30 PM,Fri,Tulsa,40,,Cincinnati,37,,
771,14,Nov 25 2016,3:30 PM,Fri,(6) Washington,45,@,(23) Washington State,17,FS1,
772,14,Nov 25 2016,5:00 PM,Fri,(14) Western Michigan,55,,Toledo,35,,
773,14,Nov 26 2016,3:30 PM,Sat,(1) Alabama,30,,(16) Auburn,12,,
774,14,Nov 26 2016,4:00 PM,Sat,Appalachian State,37,@,New Mexico State,7,,
775,14,Nov 26 2016,3:00 PM,Sat,Boston College,17,@,Wake Forest,14,,
776,14,Nov 26 2016,10:15 PM,Sat,Brigham Young,28,,Utah State,10,,
777,14,Nov 26 2016,7:00 PM,Sat,California,36,,UCLA,10,,
778,14,Nov 26 2016,7:30 PM,Sat,(4) Clemson,56,,South Carolina,7,,
779,14,Nov 26 2016,7:30 PM,Sat,(9) Colorado,27,,(21) Utah,22,,
780,14,Nov 26 2016,9:00 PM,Sat,Colorado State,63,@,San Diego State,31,CBSSN,
781,14,Nov 26 2016,8:00 PM,Sat,(15) Florida State,31,,(13) Florida,13,,
782,14,Nov 26 2016,12:00 PM,Sat,Georgia Tech,28,@,Georgia,27,,
783,14,Nov 26 2016,11:00 PM,Sat,Hawaii,46,,Massachusetts,40,,
784,14,Nov 26 2016,3:30 PM,Sat,Idaho,38,,South Alabama,31,,
785,14,Nov 26 2016,12:00 PM,Sat,Indiana,26,,Purdue,24,,
786,14,Nov 26 2016,12:00 PM,Sat,Kansas State,34,,Kansas,19,,
787,14,Nov 26 2016,12:00 PM,Sat,Kentucky,41,@,(11) Louisville,38,,
788,14,Nov 26 2016,12:00 PM,Sat,Louisiana,24,,Arkansas State,19,,
789,14,Nov 26 2016,12:00 PM,Sat,Maryland,31,,Rutgers,13,,
790,14,Nov 26 2016,3:30 PM,Sat,Miami (FL),40,,Duke,21,,
791,14,Nov 26 2016,5:30 PM,Sat,Middle Tennessee State,77,,Florida Atlantic,56,,
792,14,Nov 26 2016,3:30 PM,Sat,Mississippi State,55,@,Mississippi,20,,
793,14,Nov 26 2016,3:30 PM,Sat,Navy,75,@,Southern Methodist,31,,
794,14,Nov 26 2016,4:00 PM,Sat,Nevada,45,@,Nevada-Las Vegas,10,,
795,14,Nov 26 2016,10:15 PM,Sat,New Mexico,56,,Wyoming,35,,
796,14,Nov 26 2016,12:00 PM,Sat,Northwestern,42,,Illinois,21,,
797,14,Nov 26 2016,12:00 PM,Sat,(2) Ohio State,30,,(3) Michigan,27,,
798,14,Nov 26 2016,3:30 PM,Sat,Old Dominion,42,,Florida International,28,,
799,14,Nov 26 2016,4:00 PM,Sat,Oregon State,34,,Oregon,24,,
800,14,Nov 26 2016,3:30 PM,Sat,(8) Penn State,45,,Michigan State,12,,
801,14,Nov 26 2016,12:30 PM,Sat,Pittsburgh,76,,Syracuse,61,,
802,14,Nov 26 2016,3:30 PM,Sat,San Jose State,16,@,Fresno State,14,CBSSN,
803,14,Nov 26 2016,12:00 PM,Sat,South Florida,48,,Central Florida,31,,
804,14,Nov 26 2016,3:30 PM,Sat,(12) Southern California,45,,Notre Dame,27,,
805,14,Nov 26 2016,8:00 PM,Sat,Stanford,41,,Rice,17,,
806,14,Nov 26 2016,7:30 PM,Sat,Temple,37,,East Carolina,10,,
807,14,Nov 26 2016,4:00 PM,Sat,Texas-El Paso,52,,North Texas,24,,
808,14,Nov 26 2016,7:00 PM,Sat,Texas-San Antonio,33,,Charlotte,14,,
809,14,Nov 26 2016,4:00 PM,Sat,Troy,40,@,Texas State,7,,
810,14,Nov 26 2016,4:00 PM,Sat,Tulane,38,@,Connecticut,13,,
811,14,Nov 26 2016,7:30 PM,Sat,Vanderbilt,45,,(24) Tennessee,34,,
812,14,Nov 26 2016,12:00 PM,Sat,Virginia Tech,52,,Virginia,10,,
813,14,Nov 26 2016,3:30 PM,Sat,(19) West Virginia,49,@,Iowa State,19,,
814,14,Nov 26 2016,7:00 PM,Sat,Western Kentucky,60,@,Marshall,6,,
815,14,Nov 26 2016,3:30 PM,Sat,(5) Wisconsin,31,,Minnesota,17,,
